Fytoken,Symbol Details,Exchange Instrument type,Minimum lot size,Tick size,ISIN,Last update date,Expiry date,Symbol ticker,Exchange,Segment,Scrip code,Underlying scrip code,Strike price,Option type
101123021635936,NIFTY 23 Feb 16 14600 CE,14,50,0.05,0915-1530|1815-1915:1,2023-02-09,2023-02-16,NSE:NIFTY2321614600CE,10,11,35936,NIFTY,14600.0,CE
101123021635937,NIFTY 23 Feb 16 14600 PE,14,50,0.05,0915-1530|1815-1915:1,2023-02-09,2023-02-16,NSE:NIFTY2321614600PE,10,11,35937,NIFTY,14600.0,PE
101123021635939,NIFTY 23 Feb 16 14650 CE,14,50,0.05,0915-1530|1815-1915:1,2023-02-09,2023-02-16,NSE:NIFTY2321614650CE,10,11,35939,NIFTY,14650.0,CE
101123021635940,NIFTY 23 Feb 16 14650 PE,14,50,0.05,0915-1530|1815-1915:1,2023-02-09,2023-02-16,NSE:NIFTY2321614650PE,10,11,35940,NIFTY,14650.0,PE
101123021635942,NIFTY 23 Feb 16 14700 CE,14,50,0.05,0915-1530|1815-1915:1,2023-02-09,2023-02-16,NSE:NIFTY2321614700CE,10,11,35942,NIFTY,14700.0,CE
101123021635943,NIFTY 23 Feb 16 14700 PE,14,50,0.05,0915-1530|1815-1915:1,2023-02-09,2023-02-16,NSE:NIFTY2321614700PE,10,11,35943,NIFTY,14700.0,PE
101123021635947,NIFTY 23 Feb 16 14750 CE,14,50,0.05,0915-1530|1815-1915:1,2023-02-09,2023-02-16,NSE:NIFTY2321614750CE,10,11,35947,NIFTY,14750.0,CE
101123021635948,NIFTY 23 Feb 16 14750 PE,14,50,0.05,0915-1530|1815-1915:1,2023-02-09,2023-02-16,NSE:NIFTY2321614750PE,10,11,35948,NIFTY,14750.0,PE
101123021635955,NIFTY 23 Feb 16 14800 PE,14,50,0.05,0915-1530|1815-1915:1,2023-02-09,2023-02-16,NSE:NIFTY2321614800PE,10,11,35955,NIFTY,14800.0,PE
101123021635953,NIFTY 23 Feb 16 14800 CE,14,50,0.05,0915-1530|1815-1915:1,2023-02-09,2023-02-16,NSE:NIFTY2321614800CE,10,11,35953,NIFTY,14800.0,CE
101123021643892,NIFTY 23 Feb 16 14850 PE,14,50,0.05,0915-1530|1815-1915:1,2023-02-09,2023-02-16,NSE:NIFTY2321614850PE,10,11,43892,NIFTY,14850.0,PE
101123021643889,NIFTY 23 Feb 16 14850 CE,14,50,0.05,0915-1530|1815-1915:1,2023-02-09,2023-02-16,NSE:NIFTY2321614850CE,10,11,43889,NIFTY,14850.0,CE
101123021643894,NIFTY 23 Feb 16 14900 PE,14,50,0.05,0915-1530|1815-1915:1,2023-02-09,2023-02-16,NSE:NIFTY2321614900PE,10,11,43894,NIFTY,14900.0,PE
101123021643893,NIFTY 23 Feb 16 14900 CE,14,50,0.05,0915-1530|1815-1915:1,2023-02-09,2023-02-16,NSE:NIFTY2321614900CE,10,11,43893,NIFTY,14900.0,CE
101123021643898,NIFTY 23 Feb 16 14950 PE,14,50,0.05,0915-1530|1815-1915:1,2023-02-09,2023-02-16,NSE:NIFTY2321614950PE,10,11,43898,NIFTY,14950.0,PE
101123021643896,NIFTY 23 Feb 16 14950 CE,14,50,0.05,0915-1530|1815-1915:1,2023-02-09,2023-02-16,NSE:NIFTY2321614950CE,10,11,43896,NIFTY,14950.0,CE
101123021643906,NIFTY 23 Feb 16 15000 PE,14,50,0.05,0915-1530|1815-1915:1,2023-02-09,2023-02-16,NSE:NIFTY2321615000PE,10,11,43906,NIFTY,15000.0,PE
101123021643900,NIFTY 23 Feb 16 15000 CE,14,50,0.05,0915-1530|1815-1915:1,2023-02-09,2023-02-16,NSE:NIFTY2321615000CE,10,11,43900,NIFTY,15000.0,CE
101123021643912,NIFTY 23 Feb 16 15050 PE,14,50,0.05,0915-1530|1815-1915:1,2023-02-09,2023-02-16,NSE:NIFTY2321615050PE,10,11,43912,NIFTY,15050.0,PE
101123021643907,NIFTY 23 Feb 16 15050 CE,14,50,0.05,0915-1530|1815-1915:1,2023-02-09,2023-02-16,NSE:NIFTY2321615050CE,10,11,43907,NIFTY,15050.0,CE
101123021643922,NIFTY 23 Feb 16 15100 PE,14,50,0.05,0915-1530|1815-1915:1,2023-02-09,2023-02-16,NSE:NIFTY2321615100PE,10,11,43922,NIFTY,15100.0,PE
101123021643913,NIFTY 23 Feb 16 15100 CE,14,50,0.05,0915-1530|1815-1915:1,2023-02-09,2023-02-16,NSE:NIFTY2321615100CE,10,11,43913,NIFTY,15100.0,CE
101123021643928,NIFTY 23 Feb 16 15150 PE,14,50,0.05,0915-1530|1815-1915:1,2023-02-09,2023-02-16,NSE:NIFTY2321615150PE,10,11,43928,NIFTY,15150.0,PE
101123021643923,NIFTY 23 Feb 16 15150 CE,14,50,0.05,0915-1530|1815-1915:1,2023-02-09,2023-02-16,NSE:NIFTY2321615150CE,10,11,43923,NIFTY,15150.0,CE
101123021643930,NIFTY 23 Feb 16 15200 PE,14,50,0.05,0915-1530|1815-1915:1,2023-02-09,2023-02-16,NSE:NIFTY2321615200PE,10,11,43930,NIFTY,15200.0,PE
101123021643929,NIFTY 23 Feb 16 15200 CE,14,50,0.05,0915-1530|1815-1915:1,2023-02-09,2023-02-16,NSE:NIFTY2321615200CE,10,11,43929,NIFTY,15200.0,CE
101123021643932,NIFTY 23 Feb 16 15250 PE,14,50,0.05,0915-1530|1815-1915:1,2023-02-09,2023-02-16,NSE:NIFTY2321615250PE,10,11,43932,NIFTY,15250.0,PE
101123021643931,NIFTY 23 Feb 16 15250 CE,14,50,0.05,0915-1530|1815-1915:1,2023-02-09,2023-02-16,NSE:NIFTY2321615250CE,10,11,43931,NIFTY,15250.0,CE
101123021643934,NIFTY 23 Feb 16 15300 PE,14,50,0.05,0915-1530|1815-1915:1,2023-02-09,2023-02-16,NSE:NIFTY2321615300PE,10,11,43934,NIFTY,15300.0,PE
101123021643933,NIFTY 23 Feb 16 15300 CE,14,50,0.05,0915-1530|1815-1915:1,2023-02-09,2023-02-16,NSE:NIFTY2321615300CE,10,11,43933,NIFTY,15300.0,CE
101123021643938,NIFTY 23 Feb 16 15350 CE,14,50,0.05,0915-1530|1815-1915:1,2023-02-09,2023-02-16,NSE:NIFTY2321615350CE,10,11,43938,NIFTY,15350.0,CE
101123021643939,NIFTY 23 Feb 16 15350 PE,14,50,0.05,0915-1530|1815-1915:1,2023-02-09,2023-02-16,NSE:NIFTY2321615350PE,10,11,43939,NIFTY,15350.0,PE
101123021643940,NIFTY 23 Feb 16 15400 CE,14,50,0.05,0915-1530|1815-1915:1,2023-02-09,2023-02-16,NSE:NIFTY2321615400CE,10,11,43940,NIFTY,15400.0,CE
101123021643943,NIFTY 23 Feb 16 15400 PE,14,50,0.05,0915-1530|1815-1915:1,2023-02-09,2023-02-16,NSE:NIFTY2321615400PE,10,11,43943,NIFTY,15400.0,PE
101123021643944,NIFTY 23 Feb 16 15450 CE,14,50,0.05,0915-1530|1815-1915:1,2023-02-09,2023-02-16,NSE:NIFTY2321615450CE,10,11,43944,NIFTY,15450.0,CE
101123021643945,NIFTY 23 Feb 16 15450 PE,14,50,0.05,0915-1530|1815-1915:1,2023-02-09,2023-02-16,NSE:NIFTY2321615450PE,10,11,43945,NIFTY,15450.0,PE
101123021643946,NIFTY 23 Feb 16 15500 CE,14,50,0.05,0915-1530|1815-1915:1,2023-02-09,2023-02-16,NSE:NIFTY2321615500CE,10,11,43946,NIFTY,15500.0,CE
101123021643947,NIFTY 23 Feb 16 15500 PE,14,50,0.05,0915-1530|1815-1915:1,2023-02-09,2023-02-16,NSE:NIFTY2321615500PE,10,11,43947,NIFTY,15500.0,PE
101123021643948,NIFTY 23 Feb 16 15550 CE,14,50,0.05,0915-1530|1815-1915:1,2023-02-09,2023-02-16,NSE:NIFTY2321615550CE,10,11,43948,NIFTY,15550.0,CE
101123021643951,NIFTY 23 Feb 16 15550 PE,14,50,0.05,0915-1530|1815-1915:1,2023-02-09,2023-02-16,NSE:NIFTY2321615550PE,10,11,43951,NIFTY,15550.0,PE
101123021643952,NIFTY 23 Feb 16 15600 CE,14,50,0.05,0915-1530|1815-1915:1,2023-02-09,2023-02-16,NSE:NIFTY2321615600CE,10,11,43952,NIFTY,15600.0,CE
101123021643953,NIFTY 23 Feb 16 15600 PE,14,50,0.05,0915-1530|1815-1915:1,2023-02-09,2023-02-16,NSE:NIFTY2321615600PE,10,11,43953,NIFTY,15600.0,PE
101123021643961,NIFTY 23 Feb 16 15650 PE,14,50,0.05,0915-1530|1815-1915:1,2023-02-09,2023-02-16,NSE:NIFTY2321615650PE,10,11,43961,NIFTY,15650.0,PE
101123021643957,NIFTY 23 Feb 16 15650 CE,14,50,0.05,0915-1530|1815-1915:1,2023-02-09,2023-02-16,NSE:NIFTY2321615650CE,10,11,43957,NIFTY,15650.0,CE
101123021643963,NIFTY 23 Feb 16 15700 CE,14,50,0.05,0915-1530|1815-1915:1,2023-02-09,2023-02-16,NSE:NIFTY2321615700CE,10,11,43963,NIFTY,15700.0,CE
101123021643964,NIFTY 23 Feb 16 15700 PE,14,50,0.05,0915-1530|1815-1915:1,2023-02-09,2023-02-16,NSE:NIFTY2321615700PE,10,11,43964,NIFTY,15700.0,PE
101123021643967,NIFTY 23 Feb 16 15750 PE,14,50,0.05,0915-1530|1815-1915:1,2023-02-09,2023-02-16,NSE:NIFTY2321615750PE,10,11,43967,NIFTY,15750.0,PE
101123021643966,NIFTY 23 Feb 16 15750 CE,14,50,0.05,0915-1530|1815-1915:1,2023-02-09,2023-02-16,NSE:NIFTY2321615750CE,10,11,43966,NIFTY,15750.0,CE
101123021643969,NIFTY 23 Feb 16 15800 PE,14,50,0.05,0915-1530|1815-1915:1,2023-02-09,2023-02-16,NSE:NIFTY2321615800PE,10,11,43969,NIFTY,15800.0,PE
101123021643968,NIFTY 23 Feb 16 15800 CE,14,50,0.05,0915-1530|1815-1915:1,2023-02-09,2023-02-16,NSE:NIFTY2321615800CE,10,11,43968,NIFTY,15800.0,CE
101123021643973,NIFTY 23 Feb 16 15850 PE,14,50,0.05,0915-1530|1815-1915:1,2023-02-09,2023-02-16,NSE:NIFTY2321615850PE,10,11,43973,NIFTY,15850.0,PE
101123021643970,NIFTY 23 Feb 16 15850 CE,14,50,0.05,0915-1530|1815-1915:1,2023-02-09,2023-02-16,NSE:NIFTY2321615850CE,10,11,43970,NIFTY,15850.0,CE
101123021643974,NIFTY 23 Feb 16 15900 CE,14,50,0.05,0915-1530|1815-1915:1,2023-02-09,2023-02-16,NSE:NIFTY2321615900CE,10,11,43974,NIFTY,15900.0,CE
101123021643975,NIFTY 23 Feb 16 15900 PE,14,50,0.05,0915-1530|1815-1915:1,2023-02-09,2023-02-16,NSE:NIFTY2321615900PE,10,11,43975,NIFTY,15900.0,PE
101123021643979,NIFTY 23 Feb 16 15950 CE,14,50,0.05,0915-1530|1815-1915:1,2023-02-09,2023-02-16,NSE:NIFTY2321615950CE,10,11,43979,NIFTY,15950.0,CE
101123021643980,NIFTY 23 Feb 16 15950 PE,14,50,0.05,0915-1530|1815-1915:1,2023-02-09,2023-02-16,NSE:NIFTY2321615950PE,10,11,43980,NIFTY,15950.0,PE
101123021643982,NIFTY 23 Feb 16 16000 PE,14,50,0.05,0915-1530|1815-1915:1,2023-02-09,2023-02-16,NSE:NIFTY2321616000PE,10,11,43982,NIFTY,16000.0,PE
101123021643981,NIFTY 23 Feb 16 16000 CE,14,50,0.05,0915-1530|1815-1915:1,2023-02-09,2023-02-16,NSE:NIFTY2321616000CE,10,11,43981,NIFTY,16000.0,CE
101123021643983,NIFTY 23 Feb 16 16050 CE,14,50,0.05,0915-1530|1815-1915:1,2023-02-09,2023-02-16,NSE:NIFTY2321616050CE,10,11,43983,NIFTY,16050.0,CE
101123021643984,NIFTY 23 Feb 16 16050 PE,14,50,0.05,0915-1530|1815-1915:1,2023-02-09,2023-02-16,NSE:NIFTY2321616050PE,10,11,43984,NIFTY,16050.0,PE
101123021643985,NIFTY 23 Feb 16 16100 CE,14,50,0.05,0915-1530|1815-1915:1,2023-02-09,2023-02-16,NSE:NIFTY2321616100CE,10,11,43985,NIFTY,16100.0,CE
101123021643986,NIFTY 23 Feb 16 16100 PE,14,50,0.05,0915-1530|1815-1915:1,2023-02-09,2023-02-16,NSE:NIFTY2321616100PE,10,11,43986,NIFTY,16100.0,PE
101123021643987,NIFTY 23 Feb 16 16150 CE,14,50,0.05,0915-1530|1815-1915:1,2023-02-09,2023-02-16,NSE:NIFTY2321616150CE,10,11,43987,NIFTY,16150.0,CE
101123021643988,NIFTY 23 Feb 16 16150 PE,14,50,0.05,0915-1530|1815-1915:1,2023-02-09,2023-02-16,NSE:NIFTY2321616150PE,10,11,43988,NIFTY,16150.0,PE
101123021643990,NIFTY 23 Feb 16 16200 PE,14,50,0.05,0915-1530|1815-1915:1,2023-02-09,2023-02-16,NSE:NIFTY2321616200PE,10,11,43990,NIFTY,16200.0,PE
101123021643989,NIFTY 23 Feb 16 16200 CE,14,50,0.05,0915-1530|1815-1915:1,2023-02-09,2023-02-16,NSE:NIFTY2321616200CE,10,11,43989,NIFTY,16200.0,CE
101123021643992,NIFTY 23 Feb 16 16250 PE,14,50,0.05,0915-1530|1815-1915:1,2023-02-09,2023-02-16,NSE:NIFTY2321616250PE,10,11,43992,NIFTY,16250.0,PE
101123021643991,NIFTY 23 Feb 16 16250 CE,14,50,0.05,0915-1530|1815-1915:1,2023-02-09,2023-02-16,NSE:NIFTY2321616250CE,10,11,43991,NIFTY,16250.0,CE
101123021643996,NIFTY 23 Feb 16 16300 CE,14,50,0.05,0915-1530|1815-1915:1,2023-02-09,2023-02-16,NSE:NIFTY2321616300CE,10,11,43996,NIFTY,16300.0,CE
101123021643997,NIFTY 23 Feb 16 16300 PE,14,50,0.05,0915-1530|1815-1915:1,2023-02-09,2023-02-16,NSE:NIFTY2321616300PE,10,11,43997,NIFTY,16300.0,PE
101123021644002,NIFTY 23 Feb 16 16350 CE,14,50,0.05,0915-1530|1815-1915:1,2023-02-09,2023-02-16,NSE:NIFTY2321616350CE,10,11,44002,NIFTY,16350.0,CE
101123021644003,NIFTY 23 Feb 16 16350 PE,14,50,0.05,0915-1530|1815-1915:1,2023-02-09,2023-02-16,NSE:NIFTY2321616350PE,10,11,44003,NIFTY,16350.0,PE
101123021644004,NIFTY 23 Feb 16 16400 CE,14,50,0.05,0915-1530|1815-1915:1,2023-02-09,2023-02-16,NSE:NIFTY2321616400CE,10,11,44004,NIFTY,16400.0,CE
101123021644006,NIFTY 23 Feb 16 16400 PE,14,50,0.05,0915-1530|1815-1915:1,2023-02-09,2023-02-16,NSE:NIFTY2321616400PE,10,11,44006,NIFTY,16400.0,PE
101123021644011,NIFTY 23 Feb 16 16450 CE,14,50,0.05,0915-1530|1815-1915:1,2023-02-09,2023-02-16,NSE:NIFTY2321616450CE,10,11,44011,NIFTY,16450.0,CE
101123021644012,NIFTY 23 Feb 16 16450 PE,14,50,0.05,0915-1530|1815-1915:1,2023-02-09,2023-02-16,NSE:NIFTY2321616450PE,10,11,44012,NIFTY,16450.0,PE
101123021644013,NIFTY 23 Feb 16 16500 CE,14,50,0.05,0915-1530|1815-1915:1,2023-02-09,2023-02-16,NSE:NIFTY2321616500CE,10,11,44013,NIFTY,16500.0,CE
101123021644014,NIFTY 23 Feb 16 16500 PE,14,50,0.05,0915-1530|1815-1915:1,2023-02-09,2023-02-16,NSE:NIFTY2321616500PE,10,11,44014,NIFTY,16500.0,PE
101123021644015,NIFTY 23 Feb 16 16550 CE,14,50,0.05,0915-1530|1815-1915:1,2023-02-09,2023-02-16,NSE:NIFTY2321616550CE,10,11,44015,NIFTY,16550.0,CE
101123021644016,NIFTY 23 Feb 16 16550 PE,14,50,0.05,0915-1530|1815-1915:1,2023-02-09,2023-02-16,NSE:NIFTY2321616550PE,10,11,44016,NIFTY,16550.0,PE
101123021644019,NIFTY 23 Feb 16 16600 PE,14,50,0.05,0915-1530|1815-1915:1,2023-02-09,2023-02-16,NSE:NIFTY2321616600PE,10,11,44019,NIFTY,16600.0,PE
101123021644017,NIFTY 23 Feb 16 16600 CE,14,50,0.05,0915-1530|1815-1915:1,2023-02-09,2023-02-16,NSE:NIFTY2321616600CE,10,11,44017,NIFTY,16600.0,CE
101123021644023,NIFTY 23 Feb 16 16650 PE,14,50,0.05,0915-1530|1815-1915:1,2023-02-09,2023-02-16,NSE:NIFTY2321616650PE,10,11,44023,NIFTY,16650.0,PE
101123021644022,NIFTY 23 Feb 16 16650 CE,14,50,0.05,0915-1530|1815-1915:1,2023-02-09,2023-02-16,NSE:NIFTY2321616650CE,10,11,44022,NIFTY,16650.0,CE
101123021644026,NIFTY 23 Feb 16 16700 CE,14,50,0.05,0915-1530|1815-1915:1,2023-02-09,2023-02-16,NSE:NIFTY2321616700CE,10,11,44026,NIFTY,16700.0,CE
101123021644027,NIFTY 23 Feb 16 16700 PE,14,50,0.05,0915-1530|1815-1915:1,2023-02-09,2023-02-16,NSE:NIFTY2321616700PE,10,11,44027,NIFTY,16700.0,PE
101123021644029,NIFTY 23 Feb 16 16750 PE,14,50,0.05,0915-1530|1815-1915:1,2023-02-09,2023-02-16,NSE:NIFTY2321616750PE,10,11,44029,NIFTY,16750.0,PE
101123021644028,NIFTY 23 Feb 16 16750 CE,14,50,0.05,0915-1530|1815-1915:1,2023-02-09,2023-02-16,NSE:NIFTY2321616750CE,10,11,44028,NIFTY,16750.0,CE
101123021644030,NIFTY 23 Feb 16 16800 CE,14,50,0.05,0915-1530|1815-1915:1,2023-02-09,2023-02-16,NSE:NIFTY2321616800CE,10,11,44030,NIFTY,16800.0,CE
101123021644036,NIFTY 23 Feb 16 16800 PE,14,50,0.05,0915-1530|1815-1915:1,2023-02-09,2023-02-16,NSE:NIFTY2321616800PE,10,11,44036,NIFTY,16800.0,PE
101123021644037,NIFTY 23 Feb 16 16850 CE,14,50,0.05,0915-1530|1815-1915:1,2023-02-09,2023-02-16,NSE:NIFTY2321616850CE,10,11,44037,NIFTY,16850.0,CE
101123021644039,NIFTY 23 Feb 16 16850 PE,14,50,0.05,0915-1530|1815-1915:1,2023-02-09,2023-02-16,NSE:NIFTY2321616850PE,10,11,44039,NIFTY,16850.0,PE
101123021644040,NIFTY 23 Feb 16 16900 CE,14,50,0.05,0915-1530|1815-1915:1,2023-02-09,2023-02-16,NSE:NIFTY2321616900CE,10,11,44040,NIFTY,16900.0,CE
101123021644041,NIFTY 23 Feb 16 16900 PE,14,50,0.05,0915-1530|1815-1915:1,2023-02-09,2023-02-16,NSE:NIFTY2321616900PE,10,11,44041,NIFTY,16900.0,PE
101123021644043,NIFTY 23 Feb 16 16950 CE,14,50,0.05,0915-1530|1815-1915:1,2023-02-09,2023-02-16,NSE:NIFTY2321616950CE,10,11,44043,NIFTY,16950.0,CE
101123021644049,NIFTY 23 Feb 16 16950 PE,14,50,0.05,0915-1530|1815-1915:1,2023-02-09,2023-02-16,NSE:NIFTY2321616950PE,10,11,44049,NIFTY,16950.0,PE
101123021644050,NIFTY 23 Feb 16 17000 CE,14,50,0.05,0915-1530|1815-1915:1,2023-02-09,2023-02-16,NSE:NIFTY2321617000CE,10,11,44050,NIFTY,17000.0,CE
101123021644052,NIFTY 23 Feb 16 17000 PE,14,50,0.05,0915-1530|1815-1915:1,2023-02-09,2023-02-16,NSE:NIFTY2321617000PE,10,11,44052,NIFTY,17000.0,PE
101123021644053,NIFTY 23 Feb 16 17050 CE,14,50,0.05,0915-1530|1815-1915:1,2023-02-09,2023-02-16,NSE:NIFTY2321617050CE,10,11,44053,NIFTY,17050.0,CE
101123021644054,NIFTY 23 Feb 16 17050 PE,14,50,0.05,0915-1530|1815-1915:1,2023-02-09,2023-02-16,NSE:NIFTY2321617050PE,10,11,44054,NIFTY,17050.0,PE
101123021644055,NIFTY 23 Feb 16 17100 CE,14,50,0.05,0915-1530|1815-1915:1,2023-02-09,2023-02-16,NSE:NIFTY2321617100CE,10,11,44055,NIFTY,17100.0,CE
101123021644056,NIFTY 23 Feb 16 17100 PE,14,50,0.05,0915-1530|1815-1915:1,2023-02-09,2023-02-16,NSE:NIFTY2321617100PE,10,11,44056,NIFTY,17100.0,PE
101123021644057,NIFTY 23 Feb 16 17150 CE,14,50,0.05,0915-1530|1815-1915:1,2023-02-09,2023-02-16,NSE:NIFTY2321617150CE,10,11,44057,NIFTY,17150.0,CE
101123021644058,NIFTY 23 Feb 16 17150 PE,14,50,0.05,0915-1530|1815-1915:1,2023-02-09,2023-02-16,NSE:NIFTY2321617150PE,10,11,44058,NIFTY,17150.0,PE
101123021644060,NIFTY 23 Feb 16 17200 PE,14,50,0.05,0915-1530|1815-1915:1,2023-02-09,2023-02-16,NSE:NIFTY2321617200PE,10,11,44060,NIFTY,17200.0,PE
101123021644059,NIFTY 23 Feb 16 17200 CE,14,50,0.05,0915-1530|1815-1915:1,2023-02-09,2023-02-16,NSE:NIFTY2321617200CE,10,11,44059,NIFTY,17200.0,CE
101123021644061,NIFTY 23 Feb 16 17250 CE,14,50,0.05,0915-1530|1815-1915:1,2023-02-09,2023-02-16,NSE:NIFTY2321617250CE,10,11,44061,NIFTY,17250.0,CE
101123021644066,NIFTY 23 Feb 16 17250 PE,14,50,0.05,0915-1530|1815-1915:1,2023-02-09,2023-02-16,NSE:NIFTY2321617250PE,10,11,44066,NIFTY,17250.0,PE
101123021644068,NIFTY 23 Feb 16 17300 PE,14,50,0.05,0915-1530|1815-1915:1,2023-02-09,2023-02-16,NSE:NIFTY2321617300PE,10,11,44068,NIFTY,17300.0,PE
101123021644067,NIFTY 23 Feb 16 17300 CE,14,50,0.05,0915-1530|1815-1915:1,2023-02-09,2023-02-16,NSE:NIFTY2321617300CE,10,11,44067,NIFTY,17300.0,CE
101123021644070,NIFTY 23 Feb 16 17350 PE,14,50,0.05,0915-1530|1815-1915:1,2023-02-09,2023-02-16,NSE:NIFTY2321617350PE,10,11,44070,NIFTY,17350.0,PE
101123021644069,NIFTY 23 Feb 16 17350 CE,14,50,0.05,0915-1530|1815-1915:1,2023-02-09,2023-02-16,NSE:NIFTY2321617350CE,10,11,44069,NIFTY,17350.0,CE
101123021644073,NIFTY 23 Feb 16 17400 CE,14,50,0.05,0915-1530|1815-1915:1,2023-02-09,2023-02-16,NSE:NIFTY2321617400CE,10,11,44073,NIFTY,17400.0,CE
101123021644074,NIFTY 23 Feb 16 17400 PE,14,50,0.05,0915-1530|1815-1915:1,2023-02-09,2023-02-16,NSE:NIFTY2321617400PE,10,11,44074,NIFTY,17400.0,PE
101123021644075,NIFTY 23 Feb 16 17450 CE,14,50,0.05,0915-1530|1815-1915:1,2023-02-09,2023-02-16,NSE:NIFTY2321617450CE,10,11,44075,NIFTY,17450.0,CE
101123021644078,NIFTY 23 Feb 16 17450 PE,14,50,0.05,0915-1530|1815-1915:1,2023-02-09,2023-02-16,NSE:NIFTY2321617450PE,10,11,44078,NIFTY,17450.0,PE
101123021644080,NIFTY 23 Feb 16 17500 PE,14,50,0.05,0915-1530|1815-1915:1,2023-02-09,2023-02-16,NSE:NIFTY2321617500PE,10,11,44080,NIFTY,17500.0,PE
101123021644079,NIFTY 23 Feb 16 17500 CE,14,50,0.05,0915-1530|1815-1915:1,2023-02-09,2023-02-16,NSE:NIFTY2321617500CE,10,11,44079,NIFTY,17500.0,CE
101123021644082,NIFTY 23 Feb 16 17550 PE,14,50,0.05,0915-1530|1815-1915:1,2023-02-09,2023-02-16,NSE:NIFTY2321617550PE,10,11,44082,NIFTY,17550.0,PE
101123021644081,NIFTY 23 Feb 16 17550 CE,14,50,0.05,0915-1530|1815-1915:1,2023-02-09,2023-02-16,NSE:NIFTY2321617550CE,10,11,44081,NIFTY,17550.0,CE
101123021644084,NIFTY 23 Feb 16 17600 PE,14,50,0.05,0915-1530|1815-1915:1,2023-02-09,2023-02-16,NSE:NIFTY2321617600PE,10,11,44084,NIFTY,17600.0,PE
101123021644083,NIFTY 23 Feb 16 17600 CE,14,50,0.05,0915-1530|1815-1915:1,2023-02-09,2023-02-16,NSE:NIFTY2321617600CE,10,11,44083,NIFTY,17600.0,CE
101123021644085,NIFTY 23 Feb 16 17650 CE,14,50,0.05,0915-1530|1815-1915:1,2023-02-09,2023-02-16,NSE:NIFTY2321617650CE,10,11,44085,NIFTY,17650.0,CE
101123021644086,NIFTY 23 Feb 16 17650 PE,14,50,0.05,0915-1530|1815-1915:1,2023-02-09,2023-02-16,NSE:NIFTY2321617650PE,10,11,44086,NIFTY,17650.0,PE
101123021644087,NIFTY 23 Feb 16 17700 CE,14,50,0.05,0915-1530|1815-1915:1,2023-02-09,2023-02-16,NSE:NIFTY2321617700CE,10,11,44087,NIFTY,17700.0,CE
101123021644088,NIFTY 23 Feb 16 17700 PE,14,50,0.05,0915-1530|1815-1915:1,2023-02-09,2023-02-16,NSE:NIFTY2321617700PE,10,11,44088,NIFTY,17700.0,PE
101123021644090,NIFTY 23 Feb 16 17750 PE,14,50,0.05,0915-1530|1815-1915:1,2023-02-09,2023-02-16,NSE:NIFTY2321617750PE,10,11,44090,NIFTY,17750.0,PE
101123021644089,NIFTY 23 Feb 16 17750 CE,14,50,0.05,0915-1530|1815-1915:1,2023-02-09,2023-02-16,NSE:NIFTY2321617750CE,10,11,44089,NIFTY,17750.0,CE
101123021644091,NIFTY 23 Feb 16 17800 CE,14,50,0.05,0915-1530|1815-1915:1,2023-02-09,2023-02-16,NSE:NIFTY2321617800CE,10,11,44091,NIFTY,17800.0,CE
101123021644092,NIFTY 23 Feb 16 17800 PE,14,50,0.05,0915-1530|1815-1915:1,2023-02-09,2023-02-16,NSE:NIFTY2321617800PE,10,11,44092,NIFTY,17800.0,PE
101123021644098,NIFTY 23 Feb 16 17850 PE,14,50,0.05,0915-1530|1815-1915:1,2023-02-09,2023-02-16,NSE:NIFTY2321617850PE,10,11,44098,NIFTY,17850.0,PE
101123021644095,NIFTY 23 Feb 16 17850 CE,14,50,0.05,0915-1530|1815-1915:1,2023-02-09,2023-02-16,NSE:NIFTY2321617850CE,10,11,44095,NIFTY,17850.0,CE
101123021644100,NIFTY 23 Feb 16 17900 PE,14,50,0.05,0915-1530|1815-1915:1,2023-02-09,2023-02-16,NSE:NIFTY2321617900PE,10,11,44100,NIFTY,17900.0,PE
101123021644099,NIFTY 23 Feb 16 17900 CE,14,50,0.05,0915-1530|1815-1915:1,2023-02-09,2023-02-16,NSE:NIFTY2321617900CE,10,11,44099,NIFTY,17900.0,CE
101123021644102,NIFTY 23 Feb 16 17950 PE,14,50,0.05,0915-1530|1815-1915:1,2023-02-09,2023-02-16,NSE:NIFTY2321617950PE,10,11,44102,NIFTY,17950.0,PE
101123021644101,NIFTY 23 Feb 16 17950 CE,14,50,0.05,0915-1530|1815-1915:1,2023-02-09,2023-02-16,NSE:NIFTY2321617950CE,10,11,44101,NIFTY,17950.0,CE
101123021644103,NIFTY 23 Feb 16 18000 CE,14,50,0.05,0915-1530|1815-1915:1,2023-02-09,2023-02-16,NSE:NIFTY2321618000CE,10,11,44103,NIFTY,18000.0,CE
101123021644104,NIFTY 23 Feb 16 18000 PE,14,50,0.05,0915-1530|1815-1915:1,2023-02-09,2023-02-16,NSE:NIFTY2321618000PE,10,11,44104,NIFTY,18000.0,PE
101123021644105,NIFTY 23 Feb 16 18050 CE,14,50,0.05,0915-1530|1815-1915:1,2023-02-09,2023-02-16,NSE:NIFTY2321618050CE,10,11,44105,NIFTY,18050.0,CE
101123021644106,NIFTY 23 Feb 16 18050 PE,14,50,0.05,0915-1530|1815-1915:1,2023-02-09,2023-02-16,NSE:NIFTY2321618050PE,10,11,44106,NIFTY,18050.0,PE
101123021644107,NIFTY 23 Feb 16 18100 CE,14,50,0.05,0915-1530|1815-1915:1,2023-02-09,2023-02-16,NSE:NIFTY2321618100CE,10,11,44107,NIFTY,18100.0,CE
101123021644108,NIFTY 23 Feb 16 18100 PE,14,50,0.05,0915-1530|1815-1915:1,2023-02-09,2023-02-16,NSE:NIFTY2321618100PE,10,11,44108,NIFTY,18100.0,PE
101123021644109,NIFTY 23 Feb 16 18150 CE,14,50,0.05,0915-1530|1815-1915:1,2023-02-09,2023-02-16,NSE:NIFTY2321618150CE,10,11,44109,NIFTY,18150.0,CE
101123021644110,NIFTY 23 Feb 16 18150 PE,14,50,0.05,0915-1530|1815-1915:1,2023-02-09,2023-02-16,NSE:NIFTY2321618150PE,10,11,44110,NIFTY,18150.0,PE
101123021644111,NIFTY 23 Feb 16 18200 CE,14,50,0.05,0915-1530|1815-1915:1,2023-02-09,2023-02-16,NSE:NIFTY2321618200CE,10,11,44111,NIFTY,18200.0,CE
101123021644114,NIFTY 23 Feb 16 18200 PE,14,50,0.05,0915-1530|1815-1915:1,2023-02-09,2023-02-16,NSE:NIFTY2321618200PE,10,11,44114,NIFTY,18200.0,PE
101123021644116,NIFTY 23 Feb 16 18250 PE,14,50,0.05,0915-1530|1815-1915:1,2023-02-09,2023-02-16,NSE:NIFTY2321618250PE,10,11,44116,NIFTY,18250.0,PE
101123021644115,NIFTY 23 Feb 16 18250 CE,14,50,0.05,0915-1530|1815-1915:1,2023-02-09,2023-02-16,NSE:NIFTY2321618250CE,10,11,44115,NIFTY,18250.0,CE
101123021644117,NIFTY 23 Feb 16 18300 CE,14,50,0.05,0915-1530|1815-1915:1,2023-02-09,2023-02-16,NSE:NIFTY2321618300CE,10,11,44117,NIFTY,18300.0,CE
101123021644118,NIFTY 23 Feb 16 18300 PE,14,50,0.05,0915-1530|1815-1915:1,2023-02-09,2023-02-16,NSE:NIFTY2321618300PE,10,11,44118,NIFTY,18300.0,PE
101123021644121,NIFTY 23 Feb 16 18350 PE,14,50,0.05,0915-1530|1815-1915:1,2023-02-09,2023-02-16,NSE:NIFTY2321618350PE,10,11,44121,NIFTY,18350.0,PE
101123021644119,NIFTY 23 Feb 16 18350 CE,14,50,0.05,0915-1530|1815-1915:1,2023-02-09,2023-02-16,NSE:NIFTY2321618350CE,10,11,44119,NIFTY,18350.0,CE
101123021644122,NIFTY 23 Feb 16 18400 CE,14,50,0.05,0915-1530|1815-1915:1,2023-02-09,2023-02-16,NSE:NIFTY2321618400CE,10,11,44122,NIFTY,18400.0,CE
101123021644123,NIFTY 23 Feb 16 18400 PE,14,50,0.05,0915-1530|1815-1915:1,2023-02-09,2023-02-16,NSE:NIFTY2321618400PE,10,11,44123,NIFTY,18400.0,PE
101123021644125,NIFTY 23 Feb 16 18450 CE,14,50,0.05,0915-1530|1815-1915:1,2023-02-09,2023-02-16,NSE:NIFTY2321618450CE,10,11,44125,NIFTY,18450.0,CE
101123021644126,NIFTY 23 Feb 16 18450 PE,14,50,0.05,0915-1530|1815-1915:1,2023-02-09,2023-02-16,NSE:NIFTY2321618450PE,10,11,44126,NIFTY,18450.0,PE
101123021644127,NIFTY 23 Feb 16 18500 CE,14,50,0.05,0915-1530|1815-1915:1,2023-02-09,2023-02-16,NSE:NIFTY2321618500CE,10,11,44127,NIFTY,18500.0,CE
101123021644128,NIFTY 23 Feb 16 18500 PE,14,50,0.05,0915-1530|1815-1915:1,2023-02-09,2023-02-16,NSE:NIFTY2321618500PE,10,11,44128,NIFTY,18500.0,PE
101123021644130,NIFTY 23 Feb 16 18550 PE,14,50,0.05,0915-1530|1815-1915:1,2023-02-09,2023-02-16,NSE:NIFTY2321618550PE,10,11,44130,NIFTY,18550.0,PE
101123021644129,NIFTY 23 Feb 16 18550 CE,14,50,0.05,0915-1530|1815-1915:1,2023-02-09,2023-02-16,NSE:NIFTY2321618550CE,10,11,44129,NIFTY,18550.0,CE
101123021644131,NIFTY 23 Feb 16 18600 CE,14,50,0.05,0915-1530|1815-1915:1,2023-02-09,2023-02-16,NSE:NIFTY2321618600CE,10,11,44131,NIFTY,18600.0,CE
101123021644132,NIFTY 23 Feb 16 18600 PE,14,50,0.05,0915-1530|1815-1915:1,2023-02-09,2023-02-16,NSE:NIFTY2321618600PE,10,11,44132,NIFTY,18600.0,PE
101123021644133,NIFTY 23 Feb 16 18650 CE,14,50,0.05,0915-1530|1815-1915:1,2023-02-09,2023-02-16,NSE:NIFTY2321618650CE,10,11,44133,NIFTY,18650.0,CE
101123021644134,NIFTY 23 Feb 16 18650 PE,14,50,0.05,0915-1530|1815-1915:1,2023-02-09,2023-02-16,NSE:NIFTY2321618650PE,10,11,44134,NIFTY,18650.0,PE
101123021644135,NIFTY 23 Feb 16 18700 CE,14,50,0.05,0915-1530|1815-1915:1,2023-02-09,2023-02-16,NSE:NIFTY2321618700CE,10,11,44135,NIFTY,18700.0,CE
101123021644136,NIFTY 23 Feb 16 18700 PE,14,50,0.05,0915-1530|1815-1915:1,2023-02-09,2023-02-16,NSE:NIFTY2321618700PE,10,11,44136,NIFTY,18700.0,PE
101123021644146,NIFTY 23 Feb 16 18750 PE,14,50,0.05,0915-1530|1815-1915:1,2023-02-09,2023-02-16,NSE:NIFTY2321618750PE,10,11,44146,NIFTY,18750.0,PE
101123021644138,NIFTY 23 Feb 16 18750 CE,14,50,0.05,0915-1530|1815-1915:1,2023-02-09,2023-02-16,NSE:NIFTY2321618750CE,10,11,44138,NIFTY,18750.0,CE
101123021644147,NIFTY 23 Feb 16 18800 CE,14,50,0.05,0915-1530|1815-1915:1,2023-02-09,2023-02-16,NSE:NIFTY2321618800CE,10,11,44147,NIFTY,18800.0,CE
101123021644148,NIFTY 23 Feb 16 18800 PE,14,50,0.05,0915-1530|1815-1915:1,2023-02-09,2023-02-16,NSE:NIFTY2321618800PE,10,11,44148,NIFTY,18800.0,PE
101123021644150,NIFTY 23 Feb 16 18850 PE,14,50,0.05,0915-1530|1815-1915:1,2023-02-09,2023-02-16,NSE:NIFTY2321618850PE,10,11,44150,NIFTY,18850.0,PE
101123021644149,NIFTY 23 Feb 16 18850 CE,14,50,0.05,0915-1530|1815-1915:1,2023-02-09,2023-02-16,NSE:NIFTY2321618850CE,10,11,44149,NIFTY,18850.0,CE
101123021644152,NIFTY 23 Feb 16 18900 PE,14,50,0.05,0915-1530|1815-1915:1,2023-02-09,2023-02-16,NSE:NIFTY2321618900PE,10,11,44152,NIFTY,18900.0,PE
101123021644151,NIFTY 23 Feb 16 18900 CE,14,50,0.05,0915-1530|1815-1915:1,2023-02-09,2023-02-16,NSE:NIFTY2321618900CE,10,11,44151,NIFTY,18900.0,CE
101123021644153,NIFTY 23 Feb 16 18950 CE,14,50,0.05,0915-1530|1815-1915:1,2023-02-09,2023-02-16,NSE:NIFTY2321618950CE,10,11,44153,NIFTY,18950.0,CE
101123021644154,NIFTY 23 Feb 16 18950 PE,14,50,0.05,0915-1530|1815-1915:1,2023-02-09,2023-02-16,NSE:NIFTY2321618950PE,10,11,44154,NIFTY,18950.0,PE
101123021644155,NIFTY 23 Feb 16 19000 CE,14,50,0.05,0915-1530|1815-1915:1,2023-02-09,2023-02-16,NSE:NIFTY2321619000CE,10,11,44155,NIFTY,19000.0,CE
101123021644156,NIFTY 23 Feb 16 19000 PE,14,50,0.05,0915-1530|1815-1915:1,2023-02-09,2023-02-16,NSE:NIFTY2321619000PE,10,11,44156,NIFTY,19000.0,PE
101123021644157,NIFTY 23 Feb 16 19050 CE,14,50,0.05,0915-1530|1815-1915:1,2023-02-09,2023-02-16,NSE:NIFTY2321619050CE,10,11,44157,NIFTY,19050.0,CE
101123021644158,NIFTY 23 Feb 16 19050 PE,14,50,0.05,0915-1530|1815-1915:1,2023-02-09,2023-02-16,NSE:NIFTY2321619050PE,10,11,44158,NIFTY,19050.0,PE
101123021644159,NIFTY 23 Feb 16 19100 CE,14,50,0.05,0915-1530|1815-1915:1,2023-02-09,2023-02-16,NSE:NIFTY2321619100CE,10,11,44159,NIFTY,19100.0,CE
101123021644160,NIFTY 23 Feb 16 19100 PE,14,50,0.05,0915-1530|1815-1915:1,2023-02-09,2023-02-16,NSE:NIFTY2321619100PE,10,11,44160,NIFTY,19100.0,PE
101123021644162,NIFTY 23 Feb 16 19150 PE,14,50,0.05,0915-1530|1815-1915:1,2023-02-09,2023-02-16,NSE:NIFTY2321619150PE,10,11,44162,NIFTY,19150.0,PE
101123021644161,NIFTY 23 Feb 16 19150 CE,14,50,0.05,0915-1530|1815-1915:1,2023-02-09,2023-02-16,NSE:NIFTY2321619150CE,10,11,44161,NIFTY,19150.0,CE
101123021644163,NIFTY 23 Feb 16 19200 CE,14,50,0.05,0915-1530|1815-1915:1,2023-02-09,2023-02-16,NSE:NIFTY2321619200CE,10,11,44163,NIFTY,19200.0,CE
101123021644164,NIFTY 23 Feb 16 19200 PE,14,50,0.05,0915-1530|1815-1915:1,2023-02-09,2023-02-16,NSE:NIFTY2321619200PE,10,11,44164,NIFTY,19200.0,PE
101123021644165,NIFTY 23 Feb 16 19250 CE,14,50,0.05,0915-1530|1815-1915:1,2023-02-09,2023-02-16,NSE:NIFTY2321619250CE,10,11,44165,NIFTY,19250.0,CE
101123021644166,NIFTY 23 Feb 16 19250 PE,14,50,0.05,0915-1530|1815-1915:1,2023-02-09,2023-02-16,NSE:NIFTY2321619250PE,10,11,44166,NIFTY,19250.0,PE
101123021644169,NIFTY 23 Feb 16 19300 PE,14,50,0.05,0915-1530|1815-1915:1,2023-02-09,2023-02-16,NSE:NIFTY2321619300PE,10,11,44169,NIFTY,19300.0,PE
101123021644167,NIFTY 23 Feb 16 19300 CE,14,50,0.05,0915-1530|1815-1915:1,2023-02-09,2023-02-16,NSE:NIFTY2321619300CE,10,11,44167,NIFTY,19300.0,CE
101123021644171,NIFTY 23 Feb 16 19350 CE,14,50,0.05,0915-1530|1815-1915:1,2023-02-09,2023-02-16,NSE:NIFTY2321619350CE,10,11,44171,NIFTY,19350.0,CE
101123021644182,NIFTY 23 Feb 16 19350 PE,14,50,0.05,0915-1530|1815-1915:1,2023-02-09,2023-02-16,NSE:NIFTY2321619350PE,10,11,44182,NIFTY,19350.0,PE
101123021644183,NIFTY 23 Feb 16 19400 CE,14,50,0.05,0915-1530|1815-1915:1,2023-02-09,2023-02-16,NSE:NIFTY2321619400CE,10,11,44183,NIFTY,19400.0,CE
101123021644184,NIFTY 23 Feb 16 19400 PE,14,50,0.05,0915-1530|1815-1915:1,2023-02-09,2023-02-16,NSE:NIFTY2321619400PE,10,11,44184,NIFTY,19400.0,PE
101123021644185,NIFTY 23 Feb 16 19450 CE,14,50,0.05,0915-1530|1815-1915:1,2023-02-09,2023-02-16,NSE:NIFTY2321619450CE,10,11,44185,NIFTY,19450.0,CE
101123021644186,NIFTY 23 Feb 16 19450 PE,14,50,0.05,0915-1530|1815-1915:1,2023-02-09,2023-02-16,NSE:NIFTY2321619450PE,10,11,44186,NIFTY,19450.0,PE
101123021644188,NIFTY 23 Feb 16 19500 PE,14,50,0.05,0915-1530|1815-1915:1,2023-02-09,2023-02-16,NSE:NIFTY2321619500PE,10,11,44188,NIFTY,19500.0,PE
101123021644187,NIFTY 23 Feb 16 19500 CE,14,50,0.05,0915-1530|1815-1915:1,2023-02-09,2023-02-16,NSE:NIFTY2321619500CE,10,11,44187,NIFTY,19500.0,CE
101123021644190,NIFTY 23 Feb 16 19550 PE,14,50,0.05,0915-1530|1815-1915:1,2023-02-09,2023-02-16,NSE:NIFTY2321619550PE,10,11,44190,NIFTY,19550.0,PE
101123021644189,NIFTY 23 Feb 16 19550 CE,14,50,0.05,0915-1530|1815-1915:1,2023-02-09,2023-02-16,NSE:NIFTY2321619550CE,10,11,44189,NIFTY,19550.0,CE
101123021644193,NIFTY 23 Feb 16 19600 CE,14,50,0.05,0915-1530|1815-1915:1,2023-02-09,2023-02-16,NSE:NIFTY2321619600CE,10,11,44193,NIFTY,19600.0,CE
101123021644196,NIFTY 23 Feb 16 19600 PE,14,50,0.05,0915-1530|1815-1915:1,2023-02-09,2023-02-16,NSE:NIFTY2321619600PE,10,11,44196,NIFTY,19600.0,PE
101123021644197,NIFTY 23 Feb 16 19650 CE,14,50,0.05,0915-1530|1815-1915:1,2023-02-09,2023-02-16,NSE:NIFTY2321619650CE,10,11,44197,NIFTY,19650.0,CE
101123021644198,NIFTY 23 Feb 16 19650 PE,14,50,0.05,0915-1530|1815-1915:1,2023-02-09,2023-02-16,NSE:NIFTY2321619650PE,10,11,44198,NIFTY,19650.0,PE
101123021644199,NIFTY 23 Feb 16 19700 CE,14,50,0.05,0915-1530|1815-1915:1,2023-02-09,2023-02-16,NSE:NIFTY2321619700CE,10,11,44199,NIFTY,19700.0,CE
101123021644200,NIFTY 23 Feb 16 19700 PE,14,50,0.05,0915-1530|1815-1915:1,2023-02-09,2023-02-16,NSE:NIFTY2321619700PE,10,11,44200,NIFTY,19700.0,PE
101123021644201,NIFTY 23 Feb 16 19750 CE,14,50,0.05,0915-1530|1815-1915:1,2023-02-09,2023-02-16,NSE:NIFTY2321619750CE,10,11,44201,NIFTY,19750.0,CE
101123021644202,NIFTY 23 Feb 16 19750 PE,14,50,0.05,0915-1530|1815-1915:1,2023-02-09,2023-02-16,NSE:NIFTY2321619750PE,10,11,44202,NIFTY,19750.0,PE
101123021644205,NIFTY 23 Feb 16 19800 PE,14,50,0.05,0915-1530|1815-1915:1,2023-02-09,2023-02-16,NSE:NIFTY2321619800PE,10,11,44205,NIFTY,19800.0,PE
101123021644203,NIFTY 23 Feb 16 19800 CE,14,50,0.05,0915-1530|1815-1915:1,2023-02-09,2023-02-16,NSE:NIFTY2321619800CE,10,11,44203,NIFTY,19800.0,CE
101123021644206,NIFTY 23 Feb 16 19850 CE,14,50,0.05,0915-1530|1815-1915:1,2023-02-09,2023-02-16,NSE:NIFTY2321619850CE,10,11,44206,NIFTY,19850.0,CE
101123021644208,NIFTY 23 Feb 16 19850 PE,14,50,0.05,0915-1530|1815-1915:1,2023-02-09,2023-02-16,NSE:NIFTY2321619850PE,10,11,44208,NIFTY,19850.0,PE
101123021644209,NIFTY 23 Feb 16 19900 CE,14,50,0.05,0915-1530|1815-1915:1,2023-02-09,2023-02-16,NSE:NIFTY2321619900CE,10,11,44209,NIFTY,19900.0,CE
101123021644210,NIFTY 23 Feb 16 19900 PE,14,50,0.05,0915-1530|1815-1915:1,2023-02-09,2023-02-16,NSE:NIFTY2321619900PE,10,11,44210,NIFTY,19900.0,PE
101123021644217,NIFTY 23 Feb 16 19950 PE,14,50,0.05,0915-1530|1815-1915:1,2023-02-09,2023-02-16,NSE:NIFTY2321619950PE,10,11,44217,NIFTY,19950.0,PE
101123021644211,NIFTY 23 Feb 16 19950 CE,14,50,0.05,0915-1530|1815-1915:1,2023-02-09,2023-02-16,NSE:NIFTY2321619950CE,10,11,44211,NIFTY,19950.0,CE
101123021644219,NIFTY 23 Feb 16 20000 PE,14,50,0.05,0915-1530|1815-1915:1,2023-02-09,2023-02-16,NSE:NIFTY2321620000PE,10,11,44219,NIFTY,20000.0,PE
101123021644218,NIFTY 23 Feb 16 20000 CE,14,50,0.05,0915-1530|1815-1915:1,2023-02-09,2023-02-16,NSE:NIFTY2321620000CE,10,11,44218,NIFTY,20000.0,CE
101123021644221,NIFTY 23 Feb 16 20050 PE,14,50,0.05,0915-1530|1815-1915:1,2023-02-09,2023-02-16,NSE:NIFTY2321620050PE,10,11,44221,NIFTY,20050.0,PE
101123021644220,NIFTY 23 Feb 16 20050 CE,14,50,0.05,0915-1530|1815-1915:1,2023-02-09,2023-02-16,NSE:NIFTY2321620050CE,10,11,44220,NIFTY,20050.0,CE
101123021644223,NIFTY 23 Feb 16 20100 PE,14,50,0.05,0915-1530|1815-1915:1,2023-02-09,2023-02-16,NSE:NIFTY2321620100PE,10,11,44223,NIFTY,20100.0,PE
101123021644222,NIFTY 23 Feb 16 20100 CE,14,50,0.05,0915-1530|1815-1915:1,2023-02-09,2023-02-16,NSE:NIFTY2321620100CE,10,11,44222,NIFTY,20100.0,CE
101123021644233,NIFTY 23 Feb 16 20150 PE,14,50,0.05,0915-1530|1815-1915:1,2023-02-09,2023-02-16,NSE:NIFTY2321620150PE,10,11,44233,NIFTY,20150.0,PE
101123021644224,NIFTY 23 Feb 16 20150 CE,14,50,0.05,0915-1530|1815-1915:1,2023-02-09,2023-02-16,NSE:NIFTY2321620150CE,10,11,44224,NIFTY,20150.0,CE
101123021644235,NIFTY 23 Feb 16 20200 CE,14,50,0.05,0915-1530|1815-1915:1,2023-02-09,2023-02-16,NSE:NIFTY2321620200CE,10,11,44235,NIFTY,20200.0,CE
101123021644236,NIFTY 23 Feb 16 20200 PE,14,50,0.05,0915-1530|1815-1915:1,2023-02-09,2023-02-16,NSE:NIFTY2321620200PE,10,11,44236,NIFTY,20200.0,PE
101123021644237,NIFTY 23 Feb 16 20250 CE,14,50,0.05,0915-1530|1815-1915:1,2023-02-09,2023-02-16,NSE:NIFTY2321620250CE,10,11,44237,NIFTY,20250.0,CE
101123021644238,NIFTY 23 Feb 16 20250 PE,14,50,0.05,0915-1530|1815-1915:1,2023-02-09,2023-02-16,NSE:NIFTY2321620250PE,10,11,44238,NIFTY,20250.0,PE
101123021644239,NIFTY 23 Feb 16 20300 CE,14,50,0.05,0915-1530|1815-1915:1,2023-02-09,2023-02-16,NSE:NIFTY2321620300CE,10,11,44239,NIFTY,20300.0,CE
101123021644240,NIFTY 23 Feb 16 20300 PE,14,50,0.05,0915-1530|1815-1915:1,2023-02-09,2023-02-16,NSE:NIFTY2321620300PE,10,11,44240,NIFTY,20300.0,PE
101123021644241,NIFTY 23 Feb 16 20350 CE,14,50,0.05,0915-1530|1815-1915:1,2023-02-09,2023-02-16,NSE:NIFTY2321620350CE,10,11,44241,NIFTY,20350.0,CE
101123021644242,NIFTY 23 Feb 16 20350 PE,14,50,0.05,0915-1530|1815-1915:1,2023-02-09,2023-02-16,NSE:NIFTY2321620350PE,10,11,44242,NIFTY,20350.0,PE
101123021644243,NIFTY 23 Feb 16 20400 CE,14,50,0.05,0915-1530|1815-1915:1,2023-02-09,2023-02-16,NSE:NIFTY2321620400CE,10,11,44243,NIFTY,20400.0,CE
101123021644244,NIFTY 23 Feb 16 20400 PE,14,50,0.05,0915-1530|1815-1915:1,2023-02-09,2023-02-16,NSE:NIFTY2321620400PE,10,11,44244,NIFTY,20400.0,PE
101123021644245,NIFTY 23 Feb 16 20450 CE,14,50,0.05,0915-1530|1815-1915:1,2023-02-09,2023-02-16,NSE:NIFTY2321620450CE,10,11,44245,NIFTY,20450.0,CE
101123021644246,NIFTY 23 Feb 16 20450 PE,14,50,0.05,0915-1530|1815-1915:1,2023-02-09,2023-02-16,NSE:NIFTY2321620450PE,10,11,44246,NIFTY,20450.0,PE
101123021644249,NIFTY 23 Feb 16 20500 CE,14,50,0.05,0915-1530|1815-1915:1,2023-02-09,2023-02-16,NSE:NIFTY2321620500CE,10,11,44249,NIFTY,20500.0,CE
101123021644258,NIFTY 23 Feb 16 20500 PE,14,50,0.05,0915-1530|1815-1915:1,2023-02-09,2023-02-16,NSE:NIFTY2321620500PE,10,11,44258,NIFTY,20500.0,PE
101123021644260,NIFTY 23 Feb 16 20550 PE,14,50,0.05,0915-1530|1815-1915:1,2023-02-09,2023-02-16,NSE:NIFTY2321620550PE,10,11,44260,NIFTY,20550.0,PE
101123021644259,NIFTY 23 Feb 16 20550 CE,14,50,0.05,0915-1530|1815-1915:1,2023-02-09,2023-02-16,NSE:NIFTY2321620550CE,10,11,44259,NIFTY,20550.0,CE
101123021644261,NIFTY 23 Feb 16 20600 CE,14,50,0.05,0915-1530|1815-1915:1,2023-02-09,2023-02-16,NSE:NIFTY2321620600CE,10,11,44261,NIFTY,20600.0,CE
101123021644262,NIFTY 23 Feb 16 20600 PE,14,50,0.05,0915-1530|1815-1915:1,2023-02-09,2023-02-16,NSE:NIFTY2321620600PE,10,11,44262,NIFTY,20600.0,PE
101123021644272,NIFTY 23 Feb 16 20650 PE,14,50,0.05,0915-1530|1815-1915:1,2023-02-09,2023-02-16,NSE:NIFTY2321620650PE,10,11,44272,NIFTY,20650.0,PE
101123021644263,NIFTY 23 Feb 16 20650 CE,14,50,0.05,0915-1530|1815-1915:1,2023-02-09,2023-02-16,NSE:NIFTY2321620650CE,10,11,44263,NIFTY,20650.0,CE
101123021644274,NIFTY 23 Feb 16 20700 PE,14,50,0.05,0915-1530|1815-1915:1,2023-02-09,2023-02-16,NSE:NIFTY2321620700PE,10,11,44274,NIFTY,20700.0,PE
101123021644273,NIFTY 23 Feb 16 20700 CE,14,50,0.05,0915-1530|1815-1915:1,2023-02-09,2023-02-16,NSE:NIFTY2321620700CE,10,11,44273,NIFTY,20700.0,CE
101123021644276,NIFTY 23 Feb 16 20750 PE,14,50,0.05,0915-1530|1815-1915:1,2023-02-09,2023-02-16,NSE:NIFTY2321620750PE,10,11,44276,NIFTY,20750.0,PE
101123021644275,NIFTY 23 Feb 16 20750 CE,14,50,0.05,0915-1530|1815-1915:1,2023-02-09,2023-02-16,NSE:NIFTY2321620750CE,10,11,44275,NIFTY,20750.0,CE
101123021644284,NIFTY 23 Feb 16 20800 PE,14,50,0.05,0915-1530|1815-1915:1,2023-02-09,2023-02-16,NSE:NIFTY2321620800PE,10,11,44284,NIFTY,20800.0,PE
101123021644283,NIFTY 23 Feb 16 20800 CE,14,50,0.05,0915-1530|1815-1915:1,2023-02-09,2023-02-16,NSE:NIFTY2321620800CE,10,11,44283,NIFTY,20800.0,CE
101123021644285,NIFTY 23 Feb 16 20850 CE,14,50,0.05,0915-1530|1815-1915:1,2023-02-09,2023-02-16,NSE:NIFTY2321620850CE,10,11,44285,NIFTY,20850.0,CE
101123021644289,NIFTY 23 Feb 16 20850 PE,14,50,0.05,0915-1530|1815-1915:1,2023-02-09,2023-02-16,NSE:NIFTY2321620850PE,10,11,44289,NIFTY,20850.0,PE
101123021636846,NIFTY 23 Feb 16 20900 PE,14,50,0.05,0915-1530|1815-1915:1,2023-02-09,2023-02-16,NSE:NIFTY2321620900PE,10,11,36846,NIFTY,20900.0,PE
101123021636845,NIFTY 23 Feb 16 20900 CE,14,50,0.05,0915-1530|1815-1915:1,2023-02-09,2023-02-16,NSE:NIFTY2321620900CE,10,11,36845,NIFTY,20900.0,CE
101123021636848,NIFTY 23 Feb 16 20950 PE,14,50,0.05,0915-1530|1815-1915:1,2023-02-09,2023-02-16,NSE:NIFTY2321620950PE,10,11,36848,NIFTY,20950.0,PE
101123021636847,NIFTY 23 Feb 16 20950 CE,14,50,0.05,0915-1530|1815-1915:1,2023-02-09,2023-02-16,NSE:NIFTY2321620950CE,10,11,36847,NIFTY,20950.0,CE
101123021647623,NIFTY 23 Feb 16 21000 PE,14,50,0.05,0915-1530|1815-1915:1,2023-02-09,2023-02-16,NSE:NIFTY2321621000PE,10,11,47623,NIFTY,21000.0,PE
101123021647611,NIFTY 23 Feb 16 21000 CE,14,50,0.05,0915-1530|1815-1915:1,2023-02-09,2023-02-16,NSE:NIFTY2321621000CE,10,11,47611,NIFTY,21000.0,CE
101123021647632,NIFTY 23 Feb 16 21050 PE,14,50,0.05,0915-1530|1815-1915:1,2023-02-09,2023-02-16,NSE:NIFTY2321621050PE,10,11,47632,NIFTY,21050.0,PE
101123021647624,NIFTY 23 Feb 16 21050 CE,14,50,0.05,0915-1530|1815-1915:1,2023-02-09,2023-02-16,NSE:NIFTY2321621050CE,10,11,47624,NIFTY,21050.0,CE
101123021638968,NIFTY 23 Feb 16 21100 CE,14,50,0.05,0915-1530|1815-1915:1,2023-02-09,2023-02-16,NSE:NIFTY2321621100CE,10,11,38968,NIFTY,21100.0,CE
101123021638969,NIFTY 23 Feb 16 21100 PE,14,50,0.05,0915-1530|1815-1915:1,2023-02-09,2023-02-16,NSE:NIFTY2321621100PE,10,11,38969,NIFTY,21100.0,PE
101123021639503,NIFTY 23 Feb 16 21150 PE,14,50,0.05,0915-1530|1815-1915:1,2023-02-09,2023-02-16,NSE:NIFTY2321621150PE,10,11,39503,NIFTY,21150.0,PE
101123021639500,NIFTY 23 Feb 16 21150 CE,14,50,0.05,0915-1530|1815-1915:1,2023-02-09,2023-02-16,NSE:NIFTY2321621150CE,10,11,39500,NIFTY,21150.0,CE
